{
  "av_LC_spread_sim": 0.035591775256528214,
  "av_LC_yield_sim": 0.07459177525652821,
  "av_externaldebt_gdp": 0.36977166395271105,
  "av_pi": 1.0483329809777002,
  "av_share_LC": 0.7237541133182536,
  "corr_hp_gdp_LC_spread": -0.03250631277219722,
  "corr_hp_gdp_LC_yield": -0.032506312772197295,
  "corr_hp_gdp_exchange": -0.06283454892985992,
  "corr_hp_gdp_externaldebt_gdp": -0.9845063280814903,
  "corr_hp_gdp_pi": 0.042497531290329654,
  "corr_hp_gdp_share_LC_dif": -0.8769969308649703,
  "corr_hp_gdp_share_LC_rat": 0.06542043524596775,
  "corr_hp_gdp_tby": 0.6945813410328016,
  "corr_hp_yt_LC_spread": -0.06114971366030612,
  "corr_hp_yt_LC_yield": -0.061149713660306144,
  "corr_hp_yt_exchange": -0.09187580991231606,
  "corr_hp_yt_externaldebt_gdp": -0.9889361428140419,
  "corr_hp_yt_pi": 0.07145453512307315,
  "corr_hp_yt_share_LC_dif": -0.8627697927608506,
  "corr_hp_yt_share_LC_rat": 0.09438477789494576,
  "corr_hp_yt_tby": 0.6734342069932058,
  "sd_LC_spread": 0.0032121386069957655,
  "sd_LC_spread_hp": 0.001258645272980615,
  "sd_LC_yield": 0.0032121386069957655,
  "sd_LC_yield_hp": 0.001258645272980615,
  "sd_exchange_hp": 0.011668433582917139,
  "sd_exchange_rate": 0.027144463624234127,
  "sd_externaldebt_gdp": 0.012352074454517631,
  "sd_externaldebt_gdp_hp": 0.0045900835081910995,
  "sd_gdpr": 0.02999594294938675,
  "sd_gdpr_hp": 0.01200398118066477,
  "sd_gdpt": 0.10547492655729103,
  "sd_gdpt_hp": 0.017274119163761068,
  "sd_pi": 5.8680882727259595e-05,
  "sd_pi_hp": 2.3726566114590535e-05,
  "sd_share_LC_dif": 0.003301366757078311,
  "sd_share_LC_dif_hp": 0.0022000168018612674,
  "sd_share_LC_rat": 0.004378263554689989,
  "sd_share_LC_rat_hp": 0.0019026568771007982,
  "sd_tby_hp": 0.015728545557951678,
  "sd_yt": 0.05956429510900453,
  "sd_yt_hp": 0.023357444163854026
}